{"equity": {"min": 14843.89169220004, "max": 90090.34238000672}, "balance": {"min": 17640.292964473927, "max": 89960.63782771141}, "position": {"min": -1.0, "max": 0.0}, "sl_dist": {"min": 0.010034218724234815, "max": 0.04336982230359497}, "tp_dist": {"min": 0.018414684207418007, "max": 0.0801133877333882}, "act_dollar": {"min": 0.0, "max": 46243.90490332576}, "act_sl": {"min": 0.0, "max": 0.024085528215632583}, "act_tp": {"min": 0.0, "max": 0.08215570159770721}}