{"equity": {"min": 11321.45592040637, "max": 99886.90330600884}, "balance": {"min": 8049.721675199506, "max": 102712.99090367678}, "position": {"min": -1.0, "max": 1.0}, "sl_dist": {"min": 0.002420975657019002, "max": 0.0499561317932377}, "tp_dist": {"min": 0.002765841613721786, "max": 0.09721081618003577}, "act_dollar": {"min": 0.0, "max": 48917.93197461817}, "act_sl": {"min": 0.0, "max": 0.04985469823404108}, "act_tp": {"min": 0.0, "max": 0.09947547314456746}}