{"equity": {"min": 10662.604277590497, "max": 97075.8759190789}, "balance": {"min": 0.0, "max": 90223.08999140024}, "long_value": {"min": 0.0, "max": 25003.995489163564}, "short_value": {"min": 0.0, "max": 50000.0}, "long_sl": {"min": 0.0, "max": 0.9835741863466247}, "long_tp": {"min": 0.0, "max": 1.1061232836277193}, "short_sl": {"min": 0.0, "max": 1.112529334908304}, "short_tp": {"min": 0.0, "max": 0.9839938201874053}, "act_long_value": {"min": 0.0, "max": 39953.31502877297}, "act_short_value": {"min": 0.0, "max": 50000.0}, "act_long_sl": {"min": 0.0, "max": 0.9892583335934135}, "act_long_tp": {"min": 0.0, "max": 1.0952058354989496}, "act_short_sl": {"min": 0.0, "max": 1.1159057635628842}, "act_short_tp": {"min": 0.0, "max": 0.9897920704090284}}